variable,mean_control,mean_treated,ate,relative_change
visit,0.10172040989000658,0.1481931086002428,0.04647269871023621,1.4568670020155108
conversion,0.004982607878161136,0.008497525445886637,0.0035149175677255014,1.705437323922569
spend,0.5839710444674248,1.1310925389858992,0.5471214945184745,1.9368983268981141
